,fixed acidity,volatile acidity,citric acid,residual sugar,chlorides,free sulfur dioxide,total sulfur dioxide,density,pH,sulphates,alcohol,quality,Id
count,1143.0,1143.0,1143.0,1143.0,1143.0,1143.0,1143.0,1143.0,1143.0,1143.0,1143.0,1143.0,1143.0
mean,8.311111111111112,0.5313385826771653,0.2683639545056868,2.5321522309711284,0.0869326334208224,15.615485564304462,45.91469816272966,0.9967304111986001,3.3110148731408575,0.6577077865266842,10.442111402741034,5.657042869641295,804.9693788276466
std,1.74759501716954,0.1796331930225245,0.19668585234821898,1.3559174666826799,0.04726733795238057,10.250486123430822,32.78213030734311,0.0019250671302545696,0.15666405977275194,0.1703987144670741,1.0821956098890875,0.8058242481000952,463.99711629510614
min,4.6,0.12,0.0,0.9,0.012,1.0,6.0,0.99007,2.74,0.33,8.4,3.0,0.0
25%,7.1,0.3925,0.09,1.9,0.07,7.0,21.0,0.99557,3.205,0.55,9.5,5.0,411.0
50%,7.9,0.52,0.25,2.2,0.079,13.0,37.0,0.99668,3.31,0.62,10.2,6.0,794.0
75%,9.1,0.64,0.42,2.6,0.09,21.0,61.0,0.997845,3.4,0.73,11.1,6.0,1209.5
max,15.9,1.58,1.0,15.5,0.611,68.0,289.0,1.00369,4.01,2.0,14.9,8.0,1597.0
